State,LGA,Ward,PU-Code,PU-Name,Full Address,Latitude,Longitude,Accredited_Voters,Registered_Voters,Voter Consistency,Results_Found,Transcription_Count,Result_Sheet_Stamped,Result_Sheet_Corrected,Result_Sheet_Invalid,Result_Sheet_Unclear,Result_Sheet_Unsigned,APC,LP,PDP,NNPP
YOBE,BADE,GWIO-KURA,35-01-02-003,"GWIO DINA ,PRI. SCH.","YOBE BADE GWIO-KURA GWIO DINA ,PRI. SCH. ",12.674848,11.0667561,222,777,OKAY,TRUE,-1,TRUE,FALSE,FALSE,FALSE,UNKNOWN,17,0,18,0
YOBE,BADE,LAWAN FANNAMI,35-01-05-001,"ARI KULOLA, ARI KULOLA GATE","YOBE BADE LAWAN FANNAMI ARI KULOLA, ARI KULOLA GATE ",12.8789715,11.0400653,184,750,OKAY,TRUE,-1,TRUE,FALSE,FALSE,FALSE,UNKNOWN,48,0,115,13
YOBE,BADE,LAWAN FANNAMI,35-01-05-005,TSANGAYA I OPEN SPACE,YOBE BADE LAWAN FANNAMI TSANGAYA I OPEN SPACE,12.8789715,11.0400653,320,1358,OKAY,TRUE,-1,TRUE,FALSE,FALSE,FALSE,UNKNOWN,73,0,221,22
YOBE,BADE,SARKIN HAUSAWA,35-01-07-002,TALBARI L.E.A.,YOBE BADE SARKIN HAUSAWA TALBARI L.E.A.,12.8447255,11.045721,581,1935,OKAY,TRUE,-1,FALSE,FALSE,FALSE,FALSE,UNKNOWN,36,0,192,36
YOBE,BADE,TAGALI/SUGUM,35-01-08-007,MADAMUWA BULAMA GATE,YOBE BADE TAGALI/SUGUM MADAMUWA BULAMA GATE,12.7509043,10.6421799,193,572,OKAY,TRUE,-1,TRUE,FALSE,FALSE,FALSE,UNKNOWN,119,0,43,19
YOBE,BADE,TAGALI/SUGUM,35-01-08-008,MADAMUWA BULAMA GATE,YOBE BADE TAGALI/SUGUM MADAMUWA BULAMA GATE,12.7509043,10.6421799,193,572,OKAY,TRUE,-1,TRUE,FALSE,FALSE,FALSE,UNKNOWN,225,0,65,10
YOBE,BADE,USUR/DAWAYO,35-01-09-008,AZAM KURA B. GATE II,YOBE BADE USUR/DAWAYO AZAM KURA B. GATE II,12.84228,10.901604,168,807,OKAY,TRUE,-1,TRUE,TRUE,FALSE,FALSE,UNKNOWN,52,0,52,62
YOBE,BADE,ZANGON MUSA/ZANGO UMARU,35-01-10-006,NOMAU NA INNA,YOBE BADE ZANGON MUSA/ZANGO UMARU NOMAU NA INNA,12.8669155,11.0570334,223,977,OKAY,TRUE,-1,FALSE,TRUE,FALSE,FALSE,UNKNOWN,67,0,140,10
YOBE,BURSARI,DAMNAWA/JULURI,35-02-02-005,JULURI II. PRI SCHOOL,YOBE BURSARI DAMNAWA/JULURI JULURI II. PRI SCHOOL,12.8897014,11.6385328,58,393,OKAY,TRUE,-1,TRUE,FALSE,FALSE,FALSE,UNKNOWN,32,0,19,2
YOBE,BURSARI,KALIYARI,35-02-08-009,"TUNGA, DANDALI MAIGARI","YOBE BURSARI KALIYARI TUNGA, DANDALI MAIGARI ",12.8977856,11.4566299,116,579,OKAY,TRUE,-1,TRUE,FALSE,FALSE,FALSE,UNKNOWN,50,0,47,4
YOBE,BURSARI,MASABA,35-02-10-003,"DASKUM, PRI. SCH.","YOBE BURSARI MASABA DASKUM, PRI. SCH. ",12.8923946,11.1737694,87,432,OKAY,TRUE,-1,FALSE,TRUE,FALSE,FALSE,UNKNOWN,33,0,48,2
YOBE,BURSARI,MASABA,35-02-10-008,GIRWAN PRI SCHOOL,YOBE BURSARI MASABA GIRWAN PRI SCHOOL,12.8923946,11.1737694,127,462,OKAY,TRUE,-1,TRUE,FALSE,FALSE,FALSE,UNKNOWN,25,0,92,4
YOBE,BURSARI,MASABA,35-02-10-010,"MASABA, DISPENSARY","YOBE BURSARI MASABA MASABA, DISPENSARY ",12.909649,11.1843887,163,542,OKAY,TRUE,-1,TRUE,FALSE,FALSE,FALSE,UNKNOWN,67,0,89,3
YOBE,DAMATURU,KUKARETA/WARSALA,35-03-06-005,GONI USMAN GATE,YOBE DAMATURU KUKARETA/WARSALA GONI USMAN GATE,11.7469961,11.9661922,38,492,OKAY,TRUE,-1,TRUE,FALSE,FALSE,FALSE,UNKNOWN,23,0,9,0
YOBE,FIKA,MUBI / FUSAMI / GARIN WAYO,35-04-06-004,"GARIN WAYO, PRI. SCH.","YOBE FIKA MUBI / FUSAMI / GARIN WAYO GARIN WAYO, PRI. SCH. ",11.194858,11.3204164,403,906,OKAY,TRUE,-1,TRUE,FALSE,FALSE,FALSE,UNKNOWN,104,0,296,0
YOBE,FUNE,ABAKIRE / NGENLSHENGELE / SHAMKA,35-05-01-008,LAMIDO GOMBE K/BULAMA,YOBE FUNE ABAKIRE / NGENLSHENGELE / SHAMKA LAMIDO GOMBE K/BULAMA,11.5163574,11.6612934,104,332,OKAY,TRUE,-1,TRUE,FALSE,FALSE,FALSE,UNKNOWN,52,0,45,1
YOBE,FUNE,BORNO KIJI/NGARHO/BEBBENDE,35-05-03-003,"BINDIGI  , PRI. SCH.","YOBE FUNE BORNO KIJI/NGARHO/BEBBENDE BINDIGI  , PRI. SCH. ",12.1845649,11.253247,234,750,OKAY,TRUE,-1,TRUE,TRUE,FALSE,FALSE,UNKNOWN,107,0,96,0
YOBE,FUNE,DAMAGUM TOWN,35-05-04-003,"ANGUWAR DUTSI, MARKET STALL STORE","YOBE FUNE DAMAGUM TOWN ANGUWAR DUTSI, MARKET STALL STORE ",11.6575375,11.348779,281,750,OKAY,TRUE,-1,TRUE,TRUE,FALSE,FALSE,UNKNOWN,46,1,215,6
YOBE,FUNE,DAMAGUM TOWN,35-05-04-009,"DAMAGUM , CENTRAL PRI. SCH. II","YOBE FUNE DAMAGUM TOWN DAMAGUM , CENTRAL PRI. SCH. II ",11.6786065,11.3383567,218,750,OKAY,TRUE,-1,TRUE,FALSE,FALSE,FALSE,UNKNOWN,32,0,170,2
YOBE,FUNE,FUNE/NGELZARMA/MILBIYAR/LAWAN KALAM,35-05-07-006,FUNE PRIMARY SCHOOL,YOBE FUNE FUNE/NGELZARMA/MILBIYAR/LAWAN KALAM FUNE PRIMARY SCHOOL,11.6703569,11.535526,301,959,OKAY,TRUE,-1,TRUE,FALSE,FALSE,FALSE,UNKNOWN,158,0,120,1
YOBE,FUNE,GABA TASHA/AIGADA/DUMBULWA,35-05-08-007,JORINGEL ZOTO KOFAR BULAMA,YOBE FUNE GABA TASHA/AIGADA/DUMBULWA JORINGEL ZOTO KOFAR BULAMA,11.6746695,11.3795216,300,873,OKAY,TRUE,-1,TRUE,FALSE,FALSE,FALSE,UNKNOWN,93,0,37,0
YOBE,FUNE,GUDUGURKA/MARMAR  I,35-05-09-010,RIGIM KOFAR BULAMA B,YOBE FUNE GUDUGURKA/MARMAR  I RIGIM KOFAR BULAMA B,12.2315194,11.1843887,53,312,OKAY,TRUE,-1,TRUE,FALSE,FALSE,FALSE,UNKNOWN,34,0,13,0
YOBE,FUNE,KAYERI,35-05-11-001,ANG MODU HEALTH CENTRE,YOBE FUNE KAYERI ANG MODU HEALTH CENTRE,12.0550284,11.0938079,178,750,OKAY,TRUE,-1,TRUE,TRUE,FALSE,FALSE,UNKNOWN,54,2,104,2
YOBE,FUNE,KAYERI,35-05-11-011,JAURO KUKA KOFAR BULAMA,YOBE FUNE KAYERI JAURO KUKA KOFAR BULAMA,12.0550284,11.0938079,192,699,OKAY,TRUE,-1,TRUE,FALSE,FALSE,FALSE,UNKNOWN,114,0,62,5
YOBE,FUNE,MASHIO,35-05-13-013,JAURO BIRAU KOFAR BULAMA,YOBE FUNE MASHIO JAURO BIRAU KOFAR BULAMA,11.7886634,11.5702813,108,404,OKAY,TRUE,-1,TRUE,FALSE,FALSE,FALSE,UNKNOWN,48,0,52,0
YOBE,FUNE,MASHIO,35-05-13-016,KAZALMA KOFAR BULAMA,YOBE FUNE MASHIO KAZALMA KOFAR BULAMA,11.7886634,11.5702813,52,152,OKAY,TRUE,-1,TRUE,FALSE,FALSE,FALSE,UNKNOWN,34,0,14,0
YOBE,FUNE,MASHIO,35-05-13-021,NGELKOREJI KOFAR BULAMA,YOBE FUNE MASHIO NGELKOREJI KOFAR BULAMA,11.7886634,11.5702813,94,373,OKAY,TRUE,-1,TRUE,FALSE,FALSE,FALSE,UNKNOWN,40,0,40,0
YOBE,GEIDAM,BALLE/GALLABA/MELERI,35-06-02-009,"SHAME MAIRI, BULAMA'S  GATE","YOBE GEIDAM BALLE/GALLABA/MELERI SHAME MAIRI, BULAMA'S  GATE ",12.8275014,11.7637775,106,306,OKAY,TRUE,-1,TRUE,FALSE,FALSE,FALSE,UNKNOWN,46,0,31,0
YOBE,GEIDAM,FUTCHIMIRAM,35-06-05-004,"GARIMARI, BULAMA'S  GATE","YOBE GEIDAM FUTCHIMIRAM GARIMARI, BULAMA'S  GATE ",12.7183683,12.4151335,7,185,OKAY,TRUE,-1,TRUE,FALSE,FALSE,FALSE,UNKNOWN,4,0,3,0
YOBE,GEIDAM,GUMSA,35-06-06-005,"GUMSA BAKIN KASUWA, BAKIN KASUWA II","YOBE GEIDAM GUMSA GUMSA BAKIN KASUWA, BAKIN KASUWA II ",12.5621037,11.7983496,70,510,OKAY,TRUE,-1,TRUE,FALSE,FALSE,FALSE,UNKNOWN,48,0,19,1
YOBE,GEIDAM,KAWURI,35-06-08-010,"MUSTAPHA KULAMI,  MUSTAPHA KALAMI'S GATE","YOBE GEIDAM KAWURI MUSTAPHA KULAMI,  MUSTAPHA KALAMI'S GATE ",12.8811317,11.951925,189,579,OKAY,TRUE,-1,TRUE,FALSE,FALSE,FALSE,UNKNOWN,84,0,87,6
YOBE,GEIDAM,MA'ANNA/DAGAMBI,35-06-09-004,"ISORI, BULAMA GATE","YOBE GEIDAM MA'ANNA/DAGAMBI ISORI, BULAMA GATE ",12.7673747,11.8435568,103,320,OKAY,TRUE,-1,TRUE,TRUE,FALSE,FALSE,UNKNOWN,96,0,14,0
YOBE,GEIDAM,ZURGU NGILEWA / BORKO,35-06-11-005,"KINDILLA, BULAMA'S GATE","YOBE GEIDAM ZURGU NGILEWA / BORKO KINDILLA, BULAMA'S GATE ",12.656092,12.3005803,37,452,OKAY,TRUE,-1,TRUE,TRUE,FALSE,FALSE,UNKNOWN,21,0,9,0
YOBE,GUJBA,MALLAM DUNARI,35-07-07-002,"BULTURAM KURA,  PRI. SCH.","YOBE GUJBA MALLAM DUNARI BULTURAM KURA,  PRI. SCH. ",11.4277851,12.1861447,184,691,OKAY,TRUE,-1,TRUE,TRUE,FALSE,FALSE,UNKNOWN,150,0,31,1
YOBE,GULANI,BARA,35-08-01-008,DUCHI M. MIDALA DUCHI PRI SCHOOL,YOBE GULANI BARA DUCHI M. MIDALA DUCHI PRI SCHOOL,10.934755,11.6826359,176,536,OKAY,TRUE,-1,TRUE,TRUE,FALSE,FALSE,UNKNOWN,100,0,64,4
YOBE,GULANI,BULARAFA,35-08-03-006,"KUKUWA, PRI. SCH.","YOBE GULANI BULARAFA KUKUWA, PRI. SCH. ",11.1326538,11.7751709,256,750,OKAY,TRUE,-1,TRUE,FALSE,FALSE,FALSE,UNKNOWN,127,0,102,6
YOBE,GULANI,GAGURE,35-08-07-004,"GAGURE, PRI. SCH.","YOBE GULANI GAGURE GAGURE, PRI. SCH. ",10.8729395,11.5930268,452,1367,OKAY,TRUE,-1,TRUE,FALSE,FALSE,FALSE,UNKNOWN,12,0,32,0
YOBE,GULANI,GULANI,35-08-09-002,"GULANI LAWANTI, VIEWING CENTRE II","YOBE GULANI GULANI GULANI LAWANTI, VIEWING CENTRE II ",10.724675,11.68976,158,578,OKAY,TRUE,-1,FALSE,FALSE,FALSE,FALSE,UNKNOWN,63,2,68,3
YOBE,GULANI,NJIBULWA,35-08-11-001,"BAKKI YAYUM,YAYUM B.B GATE","YOBE GULANI NJIBULWA BAKKI YAYUM,YAYUM B.B GATE ",10.9733564,11.5816534,85,353,OKAY,TRUE,-1,TRUE,FALSE,FALSE,FALSE,UNKNOWN,56,0,19,5
YOBE,GULANI,RUHU,35-08-12-001,"CHOKA AMMANI, MUSA GATE","YOBE GULANI RUHU CHOKA AMMANI, MUSA GATE ",10.639645,11.6044014,87,504,OKAY,TRUE,-1,TRUE,FALSE,FALSE,FALSE,UNKNOWN,34,0,44,7
YOBE,JAKUSKO,GIDGID / BAYAM,35-09-03-006,"GAMBOJE ADAMU, RIJIYA ADAMU","YOBE JAKUSKO GIDGID / BAYAM GAMBOJE ADAMU, RIJIYA ADAMU ",12.511642,10.9580947,56,217,OKAY,TRUE,-1,FALSE,FALSE,FALSE,FALSE,UNKNOWN,33,0,7,1
YOBE,JAKUSKO,JAWUR/KATAMMA,35-09-07-003,"ARFANE,  KOFAR BULAMA","YOBE JAKUSKO JAWUR/KATAMMA ARFANE,  KOFAR BULAMA ",12.6926422,10.9580947,346,1078,OKAY,TRUE,-1,TRUE,FALSE,FALSE,FALSE,UNKNOWN,109,0,212,23
YOBE,JAKUSKO,JAWUR/KATAMMA,35-09-07-014,"TAJUWA, PRI. SCH.","YOBE JAKUSKO JAWUR/KATAMMA TAJUWA, PRI. SCH. ",12.797612,11.0230118,434,1137,OKAY,TRUE,-1,TRUE,FALSE,FALSE,FALSE,UNKNOWN,123,5,263,34
YOBE,KARASAWA,GARIN GAWO,35-10-03-002,"ALHAJIRI, KOFAR MAIGARI","YOBE KARASAWA GARIN GAWO ALHAJIRI, KOFAR MAIGARI ",12.9287233,10.7323332,206,393,OKAY,TRUE,-1,TRUE,FALSE,FALSE,FALSE,UNKNOWN,109,0,25,23
YOBE,KARASAWA,WARO,35-10-09-005,"ZAUNARI, KOFAR MAIGARI","YOBE KARASAWA WARO ZAUNARI, KOFAR MAIGARI ",12.934508,11.090467,177,485,OKAY,TRUE,-1,TRUE,FALSE,FALSE,FALSE,UNKNOWN,98,0,69,7
YOBE,MACHINA,DOLE,35-11-03-006,"KASATCHI, RIJIYA I","YOBE MACHINA DOLE KASATCHI, RIJIYA I ",12.9187667,9.8348146,0,903,OKAY,TRUE,-1,TRUE,FALSE,FALSE,FALSE,UNKNOWN,176,0,64,27
YOBE,MACHINA,MASKANDARE,35-11-09-004,"MASKANDARE,  PRI. SCH.","YOBE MACHINA MASKANDARE MASKANDARE,  PRI. SCH. ",13.0576799,10.0695367,303,986,OKAY,TRUE,-1,TRUE,FALSE,FALSE,FALSE,UNKNOWN,148,0,91,16
YOBE,NANGERE,DADISO / CHUKURIWA,35-12-02-009,"GARIN ZANNA, KOFAR MAIGARI","YOBE NANGERE DADISO / CHUKURIWA GARIN ZANNA, KOFAR MAIGARI ",11.9739503,10.8677256,137,393,OKAY,TRUE,-1,TRUE,TRUE,FALSE,FALSE,UNKNOWN,87,0,43,3
YOBE,NANGERE,DAWASA/G.BABA,35-12-03-003,"DAWASA, PRI. SCH.","YOBE NANGERE DAWASA/G.BABA DAWASA, PRI. SCH. ",11.9762222,10.9467056,199,718,OKAY,TRUE,-1,FALSE,FALSE,FALSE,FALSE,UNKNOWN,44,1,138,7
YOBE,NANGERE,DAWASA/G.BABA,35-12-03-017,KUKURI UNGUWAN CHIROMA OPEN SPACE,YOBE NANGERE DAWASA/G.BABA KUKURI UNGUWAN CHIROMA OPEN SPACE,11.9380046,10.9241963,96,250,OKAY,TRUE,-1,TRUE,FALSE,FALSE,FALSE,UNKNOWN,17,0,160,1
YOBE,NANGERE,DEGUBI,35-12-05-001,"CHALLINO I,  KOFAR MAIGARI","YOBE NANGERE DEGUBI CHALLINO I,  KOFAR MAIGARI ",11.7243201,10.9944782,248,726,OKAY,TRUE,-1,TRUE,FALSE,FALSE,FALSE,UNKNOWN,38,0,166,30
YOBE,NANGERE,DEGUBI,35-12-05-005,"DEGUBI III,  DISPENSARY","YOBE NANGERE DEGUBI DEGUBI III,  DISPENSARY ",11.7243201,10.9944782,283,852,OKAY,TRUE,-1,TRUE,TRUE,FALSE,FALSE,UNKNOWN,65,0,196,5
YOBE,NANGERE,KUKURI/CHIROMARI,35-12-06-009,"GWALA SABUWA, KOFAR MAIGARI","YOBE NANGERE KUKURI/CHIROMARI GWALA SABUWA, KOFAR MAIGARI ",11.8956645,10.8564355,149,433,OKAY,TRUE,-1,TRUE,FALSE,FALSE,FALSE,UNKNOWN,39,0,86,23
YOBE,NANGERE,NANGERE,35-12-08-009,"NANGERE BAKIN KASUWA, BAKIN KASUWA","YOBE NANGERE NANGERE NANGERE BAKIN KASUWA, BAKIN KASUWA ",11.8662689,11.0697615,195,538,OKAY,TRUE,-1,TRUE,FALSE,FALSE,FALSE,UNKNOWN,41,0,122,14
YOBE,NANGERE,PAKARAU KARE-KARE/ PAKARAU FULANI,35-12-09-010,"DUDDAYE  II,  KOFAR MAIGARI","YOBE NANGERE PAKARAU KARE-KARE/ PAKARAU FULANI DUDDAYE  II,  KOFAR MAIGARI ",11.8062359,10.9940725,156,496,OKAY,TRUE,-1,TRUE,FALSE,FALSE,FALSE,UNKNOWN,54,0,94,2
YOBE,NANGERE,TIKAU,35-12-10-006,"JAKADE I,FULANI, KOFAR MAIGARI","YOBE NANGERE TIKAU JAKADE I,FULANI, KOFAR MAIGARI ",11.7712383,11.0863811,316,1070,OKAY,TRUE,-1,TRUE,FALSE,FALSE,FALSE,UNKNOWN,17,0,284,5
YOBE,NANGERE,TIKAU,35-12-10-014,"TUDUN WADA, KOFAR MAIGARI","YOBE NANGERE TIKAU TUDUN WADA, KOFAR MAIGARI ",11.7712383,11.0863811,139,436,OKAY,TRUE,-1,TRUE,FALSE,FALSE,FALSE,UNKNOWN,62,0,61,2
YOBE,NGURU,DABULE,35-13-03-004,MOJOGOLAM LAWANTI KOFAR LAWANTI,YOBE NGURU DABULE MOJOGOLAM LAWANTI KOFAR LAWANTI,12.9761015,10.4059456,161,429,OKAY,TRUE,-1,TRUE,FALSE,FALSE,FALSE,UNKNOWN,103,0,43,1
YOBE,NGURU,DUMSAI/DOGON-KUKA,35-13-04-002,DUMSAI PRIMARY SCHOOL II,YOBE NGURU DUMSAI/DOGON-KUKA DUMSAI PRIMARY SCHOOL II,12.8645975,10.5558505,190,578,OKAY,TRUE,-1,TRUE,FALSE,FALSE,FALSE,UNKNOWN,46,1,106,3
YOBE,NGURU,GARBI/BAMBORI,35-13-05-005,"RAILWAY, RAILWAY PRI. SCH","YOBE NGURU GARBI/BAMBORI RAILWAY, RAILWAY PRI. SCH ",12.8775114,10.4565159,272,1076,OKAY,TRUE,-1,TRUE,TRUE,FALSE,FALSE,UNKNOWN,44,0,180,26
YOBE,NGURU,HAUSARI,35-13-06-013,"SARKIN PAWA BAKO, KOFAR SARKIN PAWA BAKO","YOBE NGURU HAUSARI SARKIN PAWA BAKO, KOFAR SARKIN PAWA BAKO ",12.8750106,10.4480856,271,846,OKAY,TRUE,-1,TRUE,FALSE,FALSE,FALSE,UNKNOWN,186,3,140,38
YOBE,NGURU,MAJA-KURA,35-13-08-001,BIRNIN GURU OPEN SPACE,YOBE NGURU MAJA-KURA BIRNIN GURU OPEN SPACE,12.8775114,10.4565159,204,944,OKAY,TRUE,-1,FALSE,FALSE,FALSE,FALSE,UNKNOWN,109,0,63,8
YOBE,NGURU,MAJA-KURA,35-13-08-007,KAKORI KOFAR MALAM KALLE,YOBE NGURU MAJA-KURA KAKORI KOFAR MALAM KALLE,12.8870022,10.3610179,86,334,OKAY,TRUE,-1,TRUE,FALSE,FALSE,FALSE,UNKNOWN,43,0,12,31
YOBE,NGURU,MIRBA-KABIR/MIRBA SAGIR,35-13-09-007,ZOMANA KOFAR MAI GARI,YOBE NGURU MIRBA-KABIR/MIRBA SAGIR ZOMANA KOFAR MAI GARI,13.0361022,10.3273368,184,514,OKAY,TRUE,-1,TRUE,FALSE,FALSE,FALSE,UNKNOWN,98,2,29,8
YOBE,NGURU,NGLAIWA,35-13-10-001,"ALGAZARU, KOFAR AL-GAZARU","YOBE NGURU NGLAIWA ALGAZARU, KOFAR AL-GAZARU ",12.8888665,10.4565159,187,1260,OKAY,TRUE,-1,TRUE,FALSE,FALSE,FALSE,UNKNOWN,84,1,248,31
YOBE,NGURU,NGLAIWA,35-13-10-003,"KOFAR LAWAN NGOMA, NGLAIWA PRI. SCH.","YOBE NGURU NGLAIWA KOFAR LAWAN NGOMA, NGLAIWA PRI. SCH. ",12.8841809,10.4516859,612,2736,OKAY,TRUE,-1,TRUE,FALSE,FALSE,FALSE,UNKNOWN,261,2,261,54
YOBE,POTISKUM,BARE-BARE/BAUYA/LALAI DUMBULWA,35-14-01-001,BULAMA B. DALHU KOFAR BULAMA,YOBE POTISKUM BARE-BARE/BAUYA/LALAI DUMBULWA BULAMA B. DALHU KOFAR BULAMA,11.7072355,11.0824912,162,761,OKAY,TRUE,-1,TRUE,FALSE,FALSE,FALSE,UNKNOWN,35,0,111,2
YOBE,POTISKUM,BARE-BARE/BAUYA/LALAI DUMBULWA,35-14-01-011,"LAMBA SULE, KOFAR LAMBA","YOBE POTISKUM BARE-BARE/BAUYA/LALAI DUMBULWA LAMBA SULE, KOFAR LAMBA ",11.6865628,11.0372376,183,750,OKAY,TRUE,-1,TRUE,FALSE,FALSE,FALSE,UNKNOWN,24,0,149,6
YOBE,POTISKUM,BARE-BARE/BAUYA/LALAI DUMBULWA,35-14-01-019,"REST HOUSE,  RECEPTION","YOBE POTISKUM BARE-BARE/BAUYA/LALAI DUMBULWA REST HOUSE,  RECEPTION ",11.7072355,11.0824912,200,753,OKAY,TRUE,-1,TRUE,FALSE,FALSE,FALSE,UNKNOWN,54,6,114,7
YOBE,POTISKUM,BOLEWA 'A',35-14-02-007,"KOFAR SARKI,  PERMANENT STAND","YOBE POTISKUM BOLEWA 'A' KOFAR SARKI,  PERMANENT STAND ",11.7034151,11.0725901,214,750,OKAY,TRUE,-1,TRUE,FALSE,FALSE,FALSE,UNKNOWN,38,2,155,14
YOBE,POTISKUM,BOLEWA 'A',35-14-02-008,"LAMBA BABAFI, KOFAR LAMBA","YOBE POTISKUM BOLEWA 'A' LAMBA BABAFI, KOFAR LAMBA ",11.7034151,11.0725901,240,750,OKAY,TRUE,-1,TRUE,TRUE,FALSE,FALSE,UNKNOWN,20,1,210,6
YOBE,POTISKUM,BOLEWA 'A',35-14-02-009,MASALLACIN JUMMA'A,YOBE POTISKUM BOLEWA 'A' MASALLACIN JUMMA'A,11.7034151,11.0725901,144,750,OKAY,TRUE,-1,TRUE,FALSE,FALSE,FALSE,UNKNOWN,19,0,122,1
YOBE,POTISKUM,BOLEWA 'B',35-14-03-001,BAYI MOI OPEN SPACE,YOBE POTISKUM BOLEWA 'B' BAYI MOI OPEN SPACE,11.7043218,11.0853202,227,750,OKAY,TRUE,-1,TRUE,FALSE,FALSE,FALSE,UNKNOWN,22,1,192,7
YOBE,POTISKUM,BOLEWA 'B',35-14-03-009,"KWATA, KWATA PRI. SCH. II","YOBE POTISKUM BOLEWA 'B' KWATA, KWATA PRI. SCH. II ",11.702886,11.0793306,371,1291,OKAY,TRUE,-1,TRUE,FALSE,FALSE,FALSE,UNKNOWN,110,2,228,13
YOBE,POTISKUM,BOLEWA 'B',35-14-03-015,"T.JUNCTION, T.JUNCTION I","YOBE POTISKUM BOLEWA 'B' T.JUNCTION, T.JUNCTION I ",11.7043218,11.0853202,538,1702,OKAY,TRUE,-1,TRUE,FALSE,FALSE,FALSE,UNKNOWN,71,6,410,17
YOBE,POTISKUM,DOGO NINI,35-14-05-001,"AREWA DA KASUWA, KOFAR HASSAN","YOBE POTISKUM DOGO NINI AREWA DA KASUWA, KOFAR HASSAN ",11.7175825,11.070927,267,750,OKAY,TRUE,-1,TRUE,FALSE,FALSE,FALSE,UNKNOWN,48,0,173,23
YOBE,POTISKUM,DOGO NINI,35-14-05-005,"ARI KIME A.A., KOFAR ABARE","YOBE POTISKUM DOGO NINI ARI KIME A.A., KOFAR ABARE ",11.7211448,11.0853202,192,750,OKAY,TRUE,-1,TRUE,FALSE,FALSE,FALSE,UNKNOWN,27,0,214,7
YOBE,POTISKUM,DOGO NINI,35-14-05-010,"DAUDA 'B',  KOFAR DAUDA","YOBE POTISKUM DOGO NINI DAUDA 'B',  KOFAR DAUDA ",11.7211448,11.0853202,194,750,OKAY,TRUE,-1,TRUE,FALSE,FALSE,FALSE,UNKNOWN,68,3,112,5
YOBE,POTISKUM,DOGO TEBO,35-14-06-009,"M.INUWA, KOFAR M.INUWA","YOBE POTISKUM DOGO TEBO M.INUWA, KOFAR M.INUWA ",11.725847,11.0725901,256,681,OKAY,TRUE,-1,TRUE,FALSE,FALSE,FALSE,UNKNOWN,31,1,203,14
YOBE,POTISKUM,NGOJIN/ALARABA,35-14-09-007,"FARAFARA,   PRI. SCH.","YOBE POTISKUM NGOJIN/ALARABA FARAFARA,   PRI. SCH. ",11.6523174,11.1752516,287,919,OKAY,TRUE,-1,FALSE,TRUE,FALSE,FALSE,UNKNOWN,204,0,47,1
YOBE,POTISKUM,NGOJIN/ALARABA,35-14-09-009,"KAKA BIJIK, KOFAR BULAMA","YOBE POTISKUM NGOJIN/ALARABA KAKA BIJIK, KOFAR BULAMA ",11.6035596,11.2040374,153,475,OKAY,TRUE,-1,TRUE,FALSE,FALSE,FALSE,UNKNOWN,88,0,60,1
YOBE,POTISKUM,YERIMARAM/GARIN DAYE/BADEJO/NAHUTA,35-14-10-002,"BADEJO,  PRI. SCH.","YOBE POTISKUM YERIMARAM/GARIN DAYE/BADEJO/NAHUTA BADEJO,  PRI. SCH. ",11.6558562,11.1012573,221,868,OKAY,TRUE,-1,TRUE,FALSE,FALSE,FALSE,UNKNOWN,110,15,60,1
YOBE,TARMUWA,BARKAMI / BULTURI,35-15-02-005,ZARAMIRI LAWANTI OPEN SPACE,YOBE TARMUWA BARKAMI / BULTURI ZARAMIRI LAWANTI OPEN SPACE,12.1927516,12.0946818,117,727,OKAY,TRUE,-1,TRUE,TRUE,FALSE,FALSE,UNKNOWN,58,0,15,0
YOBE,YUNUSARI,BULTUWA/MAR/YARO,35-16-01-004,"LURAM,. DANDALI","YOBE YUNUSARI BULTUWA/MAR/YARO LURAM,. DANDALI ",12.9593287,12.0946818,102,561,OKAY,TRUE,-1,FALSE,FALSE,FALSE,FALSE,UNKNOWN,68,0,30,1
YOBE,YUNUSARI,DEGALTURA/NGAMZAI,35-16-03-003,"BUHARI,  PRI. SCH.","YOBE YUNUSARI DEGALTURA/NGAMZAI BUHARI,  PRI. SCH. ",13.0900691,12.2412468,39,964,OKAY,TRUE,-1,TRUE,FALSE,FALSE,FALSE,UNKNOWN,29,0,8,2
YOBE,YUNUSARI,MAIRARI,35-16-06-004,"BULAMA HAYATU,  PRI. SCH. I","YOBE YUNUSARI MAIRARI BULAMA HAYATU,  PRI. SCH. I ",13.1008515,12.1048604,178,750,OKAY,TRUE,-1,TRUE,FALSE,FALSE,FALSE,UNKNOWN,78,1,31,61
YOBE,YUNUSARI,MAIRARI,35-16-06-007,"FAYA KAFIYA, DANDALI","YOBE YUNUSARI MAIRARI FAYA KAFIYA, DANDALI ",13.0541439,12.0032957,103,1028,OKAY,TRUE,-1,TRUE,FALSE,FALSE,FALSE,UNKNOWN,40,0,42,10
YOBE,YUNUSARI,MAIRARI,35-16-06-011,"MAIRARI,  PRI. SCH.","YOBE YUNUSARI MAIRARI MAIRARI,  PRI. SCH. ",13.0255716,12.0071317,130,793,OKAY,TRUE,-1,TRUE,FALSE,FALSE,FALSE,UNKNOWN,2,0,6,0
YOBE,YUNUSARI,WADI/KAFIYA,35-16-09-006,GONI CHAMMAMI OPENSPACE,YOBE YUNUSARI WADI/KAFIYA GONI CHAMMAMI OPENSPACE,13.0235502,11.6840589,179,486,OKAY,TRUE,-1,TRUE,FALSE,FALSE,FALSE,UNKNOWN,153,0,22,0
YOBE,YUNUSARI,WADI/KAFIYA,35-16-09-012,"MANAWAJI,   PRI. SCH.","YOBE YUNUSARI WADI/KAFIYA MANAWAJI,   PRI. SCH. ",13.0619417,11.597507,138,576,OKAY,TRUE,-1,TRUE,TRUE,FALSE,FALSE,UNKNOWN,17,1,12,2
YOBE,YUSUFARI,ALANJIRORI,35-17-01-007,NJEREREWA OPEN SPACE,YOBE YUSUFARI ALANJIRORI NJEREREWA OPEN SPACE,13.1840041,11.1390878,0,320,OKAY,TRUE,-1,TRUE,FALSE,FALSE,FALSE,UNKNOWN,69,0,0,0
YOBE,YUSUFARI,MAYORI,35-17-09-009,"ISAKARI BULIN, KOFAR ISAKA","YOBE YUSUFARI MAYORI ISAKARI BULIN, KOFAR ISAKA ",13.2638144,10.5069159,119,402,OKAY,TRUE,-1,TRUE,FALSE,FALSE,FALSE,UNKNOWN,74,0,37,3
YOBE,BADE,GWIO-KURA,35-01-02-010,GWIO BULAMA'S GATE II,YOBE BADE GWIO-KURA GWIO BULAMA'S GATE II,12.6985283,11.1029152,124,419,OKAY,TRUE,-1,TRUE,TRUE,FALSE,FALSE,UNKNOWN,49,0,56,2
YOBE,BADE,KATUZU,35-01-03-012,UNGUWAR MAL. SALEH II,YOBE BADE KATUZU UNGUWAR MAL. SALEH II,12.8570167,11.0231001,24,43,OKAY,TRUE,-1,FALSE,FALSE,FALSE,FALSE,UNKNOWN,7,1,14,1
YOBE,BADE,KATUZU,35-01-03-015,AGRIC STORE OFFICE I,YOBE BADE KATUZU AGRIC STORE OFFICE I,12.8570167,11.0231001,28,47,OKAY,TRUE,-1,TRUE,FALSE,FALSE,FALSE,UNKNOWN,4,2,17,3
YOBE,BADE,LAWAN AUDU/LAWAN AL - WALI,35-01-04-017,RAMAT G D J S S III,YOBE BADE LAWAN AUDU/LAWAN AL - WALI RAMAT G D J S S III,12.8796902,11.0231001,15,52,OKAY,TRUE,-1,TRUE,FALSE,FALSE,FALSE,UNKNOWN,1,1,10,2
YOBE,BADE,LAWAN AUDU/LAWAN AL - WALI,35-01-04-027,ASIBITIN AGANA VII,YOBE BADE LAWAN AUDU/LAWAN AL - WALI ASIBITIN AGANA VII,12.8796902,11.0231001,99,507,OKAY,TRUE,-1,TRUE,FALSE,FALSE,FALSE,UNKNOWN,12,0,69,10
YOBE,BADE,LAWAN FANNAMI,35-01-05-017,BABUJE PRIMARY SCHOOL  II,YOBE BADE LAWAN FANNAMI BABUJE PRIMARY SCHOOL  II,12.8782132,11.0370608,78,571,OKAY,TRUE,-1,TRUE,FALSE,FALSE,FALSE,UNKNOWN,16,1,57,2
YOBE,BADE,SARKIN HAUSAWA,35-01-07-014,ALH. SIDI ALI MAI AJI CINEMA,YOBE BADE SARKIN HAUSAWA ALH. SIDI ALI MAI AJI CINEMA,12.8447255,11.045721,120,466,OKAY,TRUE,-1,TRUE,FALSE,FALSE,FALSE,UNKNOWN,18,0,81,11
YOBE,BADE,USUR/DAWAYO,35-01-09-018,AZAM KURA III,YOBE BADE USUR/DAWAYO AZAM KURA III,12.84228,10.901604,46,262,OKAY,TRUE,-1,TRUE,FALSE,FALSE,FALSE,UNKNOWN,18,0,8,17
YOBE,BADE,USUR/DAWAYO,35-01-09-013,AZBAK BULAMA GATE,YOBE BADE USUR/DAWAYO AZBAK BULAMA GATE,12.8583,10.9552,17,55,OKAY,TRUE,-1,TRUE,TRUE,FALSE,FALSE,UNKNOWN,4,1,9,3
YOBE,DAMATURU,GAMBIR/MADURI,35-03-04-007,"MADURI BOREHOLE OPPOSITE ""B"" DIVISION","YOBE DAMATURU GAMBIR/MADURI MADURI BOREHOLE OPPOSITE ""B"" DIVISION ",11.7363108,12.0099235,35,59,OKAY,TRUE,-1,TRUE,FALSE,FALSE,FALSE,UNKNOWN,24,4,27,1
YOBE,GEIDAM,SHAME KURA / DILAWA,35-06-10-010,KALGERI II,YOBE GEIDAM SHAME KURA / DILAWA KALGERI II,12.8672639,11.899866,30,70,OKAY,TRUE,-1,TRUE,TRUE,FALSE,FALSE,UNKNOWN,10,0,19,1
YOBE,JAKUSKO,LAFIYA LOI-LOI,35-09-08-013,GAMAJAM PRIMARY SCHOOL,YOBE JAKUSKO LAFIYA LOI-LOI GAMAJAM PRIMARY SCHOOL,12.2119005,11.0694079,24,43,OKAY,TRUE,-1,FALSE,FALSE,FALSE,FALSE,UNKNOWN,10,0,8,6
YOBE,JAKUSKO,MUGURAM,35-09-09-007,MUGURAM PRIMARY SCHOOL II,YOBE JAKUSKO MUGURAM MUGURAM PRIMARY SCHOOL II,12.271785,11.105431,25,60,OKAY,TRUE,-1,TRUE,FALSE,FALSE,FALSE,UNKNOWN,6,0,15,3
YOBE,POTISKUM,BARE-BARE/BAUYA/LALAI DUMBULWA,35-14-01-036,KILA KWATA OPEN SPACE II,YOBE POTISKUM BARE-BARE/BAUYA/LALAI DUMBULWA KILA KWATA OPEN SPACE II,11.6865628,11.0372376,197,481,OKAY,TRUE,-1,TRUE,FALSE,FALSE,FALSE,UNKNOWN,52,1,119,16
YOBE,POTISKUM,BARE-BARE/BAUYA/LALAI DUMBULWA,35-14-01-039,MAI BAUYA KOFAR BULAMA II,YOBE POTISKUM BARE-BARE/BAUYA/LALAI DUMBULWA MAI BAUYA KOFAR BULAMA II,11.7072355,11.0824912,134,448,OKAY,TRUE,-1,TRUE,FALSE,FALSE,FALSE,UNKNOWN,18,0,102,7
YOBE,POTISKUM,BARE-BARE/BAUYA/LALAI DUMBULWA,35-14-01-042,M. IYAM II,YOBE POTISKUM BARE-BARE/BAUYA/LALAI DUMBULWA M. IYAM II,11.7072355,11.0824912,4,6,OKAY,TRUE,-1,TRUE,FALSE,FALSE,FALSE,UNKNOWN,1,0,3,0
YOBE,POTISKUM,DANCHUWA/BULA,35-14-04-024,DANCHUWA DISPENSARY II,YOBE POTISKUM DANCHUWA/BULA DANCHUWA DISPENSARY II,11.7200939,11.0870614,9,16,OKAY,TRUE,-1,TRUE,FALSE,FALSE,FALSE,UNKNOWN,4,0,5,0
YOBE,POTISKUM,DOGO NINI,35-14-05-024,"ARI KIME A.A., KOFAR DOGO MAI KEMI II","YOBE POTISKUM DOGO NINI ARI KIME A.A., KOFAR DOGO MAI KEMI II ",11.7211448,11.0853202,31,320,OKAY,TRUE,-1,TRUE,FALSE,FALSE,FALSE,UNKNOWN,4,0,26,0
YOBE,POTISKUM,DOGO NINI,35-14-05-032,"DABO STADIUM II, GATE VI","YOBE POTISKUM DOGO NINI DABO STADIUM II, GATE VI ",11.7211448,11.0853202,166,750,OKAY,TRUE,-1,TRUE,FALSE,FALSE,FALSE,UNKNOWN,21,0,124,3
YOBE,POTISKUM,DOGO NINI,35-14-05-045,"GABAR DA KASUWA,GABAR DA KASUWA II","YOBE POTISKUM DOGO NINI GABAR DA KASUWA,GABAR DA KASUWA II ",11.7211448,11.0853202,87,393,OKAY,TRUE,-1,TRUE,TRUE,FALSE,FALSE,UNKNOWN,16,1,63,6
YOBE,YUSUFARI,KASKA/TULOTULOWA,35-17-06-010,TULOTULO KASUWAN SHANU,YOBE YUSUFARI KASKA/TULOTULOWA TULOTULO KASUWAN SHANU,13.2649479,10.8451467,74,104,OKAY,TRUE,-1,TRUE,TRUE,FALSE,FALSE,UNKNOWN,49,0,9,0
YOBE,FIKA,GADAKA/SHEMBIRE,35-04-03-034,MADAKI OPEN SPACE,YOBE FIKA GADAKA/SHEMBIRE MADAKI OPEN SPACE,11.3322295,11.2297105,26,39,OKAY,TRUE,-1,TRUE,FALSE,FALSE,FALSE,UNKNOWN,16,0,10,0
YOBE,FIKA,GADAKA/SHEMBIRE,35-04-03-035,MUSA KULE OPEN SPACE,YOBE FIKA GADAKA/SHEMBIRE MUSA KULE OPEN SPACE,11.3322295,11.2297105,94,346,OKAY,TRUE,-1,TRUE,FALSE,FALSE,FALSE,UNKNOWN,21,0,66,0
YOBE,FIKA,GADAKA/SHEMBIRE,35-04-03-038,SABON LAYI PRI. SCH,YOBE FIKA GADAKA/SHEMBIRE SABON LAYI PRI. SCH,11.3322295,11.2297105,137,388,OKAY,TRUE,-1,TRUE,FALSE,FALSE,FALSE,UNKNOWN,29,0,99,0
YOBE,NANGERE,DAZIGAU,35-12-04-014,YARU KOFAR MAIGARI II,YOBE NANGERE DAZIGAU YARU KOFAR MAIGARI II,11.7176498,10.9992479,67,102,OKAY,TRUE,-1,TRUE,FALSE,FALSE,FALSE,UNKNOWN,12,4,47,0
YOBE,NANGERE,TIKAU,35-12-10-020,"JAKADAI II K,K KOFAR MAIGARI IV","YOBE NANGERE TIKAU JAKADAI II K,K KOFAR MAIGARI IV ",11.7712383,11.0863811,51,168,OKAY,TRUE,-1,TRUE,TRUE,FALSE,FALSE,UNKNOWN,6,0,39,2
YOBE,NGURU,BULABULIN,35-13-01-018,COLLEGE OF EDUCATION,YOBE NGURU BULABULIN COLLEGE OF EDUCATION,12.8539035,10.4790006,23,72,OKAY,TRUE,-1,TRUE,FALSE,FALSE,FALSE,UNKNOWN,3,7,5,3
YOBE,NGURU,KANURI,35-13-07-015,TUBORI JUCTION HAND PUMP,YOBE NGURU KANURI TUBORI JUCTION HAND PUMP,12.8775114,10.4565159,50,91,OKAY,TRUE,-1,TRUE,TRUE,FALSE,FALSE,UNKNOWN,23,0,20,7
YOBE,NGURU,NGLAIWA,35-13-10-014,LAYIN GONI KIME JUNCTION,YOBE NGURU NGLAIWA LAYIN GONI KIME JUNCTION,12.8888665,10.4565159,27,53,OKAY,TRUE,-1,TRUE,FALSE,FALSE,FALSE,UNKNOWN,6,0,16,5
YOBE,YUNUSARI,MOZOGUN/KUJARI,35-16-07-009,KUJARI VIEW CENTRE,YOBE YUNUSARI MOZOGUN/KUJARI KUJARI VIEW CENTRE,12.8925157,11.7126563,44,97,OKAY,TRUE,-1,TRUE,FALSE,FALSE,FALSE,UNKNOWN,27,0,15,2
